{
	"Version":1,
	"SubVersion":0,
	"Namespace":"db",
	"Structs":[
		{
			"Name":"HeroDesireParam",
			"Fields":[
				{"Type":"int32","Index":1,"Name":"TargetValue"},
				{"Type":"int32","Index":2,"Name":"Value1"},
				{"Type":"int32","Index":3,"Name":"Value2"}
			]
		},
		{
			"Name":"SmallRankRecord",
			"Fields":[
				{"Type":"int32","Index":1,"Name":"Rank"},
				{"Type":"int32","Index":2,"Name":"Id"},
				{"Type":"int32","Index":3,"Name":"Val"},
				{"Type":"string","Index":4,"Name":"Name"},
				{"Type":"string","Index":5,"Name":"TongName"},
				{"Type":"int32","Index":6,"Name":"TongIcon"}
			]
		},
		{
			"Name":"CampFightRecord",
			"Fields":[
				{"Type":"int32","Index":1,"Name":"FightIdx"},
				{"Type":"int32","Index":2,"Name":"XScore"},
				{"Type":"int32","Index":3,"Name":"TScore"}
			]
		}
	],
	"Tables":[
		{
			"TableName":"Account",
			"DBTableName":"Account",
			"SingleRow":false,
			"AutoPrimaryKey":false,
			"PrimaryKeyName":"Account",
			"PrimaryKeyType":"string",
			"PrimaryKeySize":45,
			"Columns":[
				{
					"ColumnName":"PlayerId",
					"DBColumnName":"PlayerId",
					"InUse":true,
					"Simple":true,
					"SimpleType":"int32",					
					"Preload":true,
					"Map":false,
					"AutoIndex":false,
					"Fields":[										
					]		
				},
				{
					"ColumnName":"CreateTime",
					"DBColumnName":"CreateTime",
					"InUse":true,
					"Simple":true,
					"SimpleType":"int32",					
					"Preload":true,
					"Map":false,
					"AutoIndex":false,
					"Fields":[										
					]		
				}
			]
		},
		{
			"TableName":"PlayerIdMax",
			"DBTableName":"PlayerIdMax",
			"SingleRow":true,
			"AutoPrimaryKey":false,
			"PrimaryKeyName":"PlaceHolder",
			"PrimaryKeyType":"int32",
			"PrimaryKeySize":11,
			"Columns":[
				{
					"ColumnName":"PlayerIdMax",
					"DBColumnName":"PlayerIdMax",
					"InUse":true,
					"Simple":true,
					"SimpleType":"int32",					
					"Preload":true,
					"Map":false,
					"AutoIndex":false,
					"DefaultValue":"0",
					"Fields":[								
					]		
				}
			]
		},
		{
			"TableName":"LastSmallRank",
			"DBTableName":"LastSmallRank",
			"SingleRow":true,
			"AutoPrimaryKey":false,
			"PrimaryKeyName":"PlaceHolder",
			"PrimaryKeyType":"int32",
			"PrimaryKeySize":11,
			"Columns":[
				{
					"ColumnName":"RankInfo",
					"DBColumnName":"RankInfo",
					"InUse":true,
					"Simple":false,					
					"Preload":true,
					"Map":false,
					"AutoIndex":false,
					"DefaultValue":"0",
					"Fields":[
						{"Type":"int32","Index":1,"Name":"PNScoreRankStartTime"}
					]		
				},
				{
					"ColumnName":"PlayerNScoreRank",
					"DBColumnName":"PlayerNScoreRank",
					"InUse":true,
					"Simple":false,					
					"Preload":true,
					"Map":false,
					"AutoIndex":false,
					"DefaultValue":"0",
					"Fields":[
						{"Type":"SmallRankRecord","Index":1,"Name":"Records","Repeated":true}
					]		
				}
			]
		},
		{
			"TableName":"Tong",
			"DBTableName":"Tong",
			"SingleRow":false,
			"AutoPrimaryKey":false,
			"PrimaryKeyName":"TongId",
			"PrimaryKeyType":"int32",
			"PrimaryKeySize":11,
			"Columns":[
				{
					"ColumnName":"TongName",
					"DBColumnName":"TongName",
					"InUse":true,
					"Simple":true,
					"SimpleType":"string",					
					"Preload":true,
					"Map":false,
					"AutoIndex":false,
					"Fields":[										
					]		
				},
				{
					"ColumnName":"CreateTime",
					"DBColumnName":"CreateTime",
					"InUse":true,
					"Simple":true,
					"SimpleType":"int32",					
					"Preload":true,
					"Map":false,
					"AutoIndex":false,
					"Fields":[										
					]		
				}
			]
		},
		{
			"TableName":"TongIdMax",
			"DBTableName":"TongIdMax",
			"SingleRow":true,
			"AutoPrimaryKey":false,
			"PrimaryKeyName":"PlaceHolder",
			"PrimaryKeyType":"int32",
			"PrimaryKeySize":11,
			"Columns":[
				{
					"ColumnName":"TongIdMax",
					"DBColumnName":"TongIdMax",
					"InUse":true,
					"Simple":true,
					"SimpleType":"int32",					
					"Preload":true,
					"Map":false,
					"AutoIndex":false,
					"DefaultValue":"0",
					"Fields":[								
					]		
				}
			]
		},
		{
			"TableName":"CampFight",
			"DBTableName":"CampFight",
			"SingleRow":true,
			"AutoPrimaryKey":false,
			"PrimaryKeyName":"PlaceHolder",
			"PrimaryKeyType":"int32",
			"PrimaryKeySize":11,
			"Columns":[
				{
					"ColumnName":"BaseInfo",
					"DBColumnName":"BaseInfo",
					"InUse":true,
					"Simple":false,					
					"Preload":true,
					"Map":false,
					"AutoIndex":false,
					"DefaultValue":"0",
					"Fields":[
						{"Type":"int32","Index":1,"Name":"CurFightArea"},
						{"Type":"int32","Index":2,"Name":"CurFightIdx"},
						{"Type":"int32","Index":3,"Name":"CurActISOWeek"},
						{"Type":"int32","Index":4,"Name":"LastRewardISOWeek"},
						{"Type":"int32","Index":5,"Name":"CurCamp1Score"},
						{"Type":"int32","Index":6,"Name":"CurCamp2Score"},
						{"Type":"int32","Index":7,"Name":"CurRestIdx"}
					]
				},
				{
					"ColumnName":"CurTotalRank",
					"DBColumnName":"CurTotalRank",
					"InUse":true,
					"Simple":false,					
					"Preload":true,
					"Map":false,
					"AutoIndex":false,
					"DefaultValue":"0",
					"Fields":[
						{"Type":"SmallRankRecord","Index":1,"Name":"Records","Repeated":true}
					]
				},
				{
					"ColumnName":"CurCamp1Rank",
					"DBColumnName":"CurCamp1Rank",
					"InUse":true,
					"Simple":false,					
					"Preload":true,
					"Map":false,
					"AutoIndex":false,
					"DefaultValue":"0",
					"Fields":[
						{"Type":"SmallRankRecord","Index":1,"Name":"Records","Repeated":true}
					]
				},
				{
					"ColumnName":"CurCamp2Rank",
					"DBColumnName":"CurCamp2Rank",
					"InUse":true,
					"Simple":false,					
					"Preload":true,
					"Map":false,
					"AutoIndex":false,
					"DefaultValue":"0",
					"Fields":[
						{"Type":"SmallRankRecord","Index":1,"Name":"Records","Repeated":true}
					]
				},
				{
					"ColumnName":"LastTotalRank",
					"DBColumnName":"LastTotalRank",
					"InUse":true,
					"Simple":false,					
					"Preload":true,
					"Map":false,
					"AutoIndex":false,
					"DefaultValue":"0",
					"Fields":[
						{"Type":"SmallRankRecord","Index":1,"Name":"Records","Repeated":true}
					]
				},
				{
					"ColumnName":"LastCamp1Rank",
					"DBColumnName":"LastCamp1Rank",
					"InUse":true,
					"Simple":false,					
					"Preload":true,
					"Map":false,
					"AutoIndex":false,
					"DefaultValue":"0",
					"Fields":[
						{"Type":"SmallRankRecord","Index":1,"Name":"Records","Repeated":true}
					]
				},
				{
					"ColumnName":"LastCamp2Rank",
					"DBColumnName":"LastCamp2Rank",
					"InUse":true,
					"Simple":false,					
					"Preload":true,
					"Map":false,
					"AutoIndex":false,
					"DefaultValue":"0",
					"Fields":[
						{"Type":"SmallRankRecord","Index":1,"Name":"Records","Repeated":true}
					]
				},
				{
					"ColumnName":"CurCampFighgtRecord",
					"DBColumnName":"CurCampFighgtRecord",
					"InUse":true,
					"Simple":false,					
					"Preload":true,
					"Map":false,
					"AutoIndex":false,
					"DefaultValue":"0",
					"Fields":[
						{"Type":"CampFightRecord","Index":1,"Name":"Records","Repeated":true}
					]
				}
			]
		}
	]
}