{
	"Version":1,
	"SubVersion":0,
	"Namespace":"db",
	"Structs":[
	],
	"Tables":[
		{
			"TableName":"Player",
			"DBTableName":"Player",
			"SingleRow":false,
			"AutoPrimaryKey":false,
			"PrimaryKeyName":"PlayerId",
			"PrimaryKeyType":"int32",
			"PrimaryKeySize":11,
			"Columns":[
				{
					"DBColumnName":"Info",
					"InUse":true,
					"ColumnName":"Info",
					"Preload":true,
					"Map":false,
					"AutoIndex":false,
					"Fields":[
						{"Type":"int32","Index":1,"Name":"MatchScore","Incby":true},
						{"Type":"int32","Index":2,"Name":"Coin","Incby":true},
						{"Type":"int32","Index":3,"Name":"Diamond","Incby":true},
						{"Type":"int32","Index":4,"Name":"DayMatchRewardNum","Incby":true},
						{"Type":"int32","Index":5,"Name":"LayMatchRewardTime"},
						{"Type":"int32","Index":6,"Name":"CurUseCardTeam"}
					]
				},
				{
					"DBColumnName":"Card",
					"InUse":true,
					"ColumnName":"Card",
					"Preload":true,
					"Map":true,
					"AutoIndex":false,
					"Fields":[
						{"Type":"int32","Index":1,"Name":"ConfigId"},
						{"Type":"int32","Index":2,"Name":"CardCount"}
					]
				},
				{
					"DBColumnName":"CardTeam",
					"InUse":true,
					"ColumnName":"CardTeam",
					"Preload":true,
					"Map":true,
					"AutoIndex":false,
					"Fields":[
						{"Type":"int32","Index":1,"Name":"TeamId"},
						{"Type":"int32","Index":2,"Name":"CardCfgIds","Repeated":true}
					]
				}
			]
		}
	]
}