{
	"Version":1,
	"SubVersion":0,
	"Namespace":"db",
	"Structs":[
		{
			"Name":"SmallRankRecord",
			"Fields":[
				{"Type":"int32","Index":1,"Name":"Rank"},
				{"Type":"int32","Index":2,"Name":"Id"},
				{"Type":"int32","Index":3,"Name":"Val"},
				{"Type":"string","Index":4,"Name":"Name"},
				{"Type":"string","Index":5,"Name":"TongName"},
				{"Type":"int32","Index":6,"Name":"TongIcon"}
			]
		}
	],
	"Tables":[
		{
			"TableName":"Player",
			"DBTableName":"Player",
			"SingleRow":false,
			"AutoPrimaryKey":false,
			"PrimaryKeyName":"PlayerId",
			"PrimaryKeyType":"int32",
			"PrimaryKeySize":11,
			"Columns":[
				{
					"ColumnName":"Account",
					"DBColumnName":"Account",
					"InUse":true,
					"Simple":true,
					"SimpleType":"string",					
					"Preload":true,
					"Map":false,
					"AutoIndex":false,
					"Fields":[										
					]		
				},
				{
					"ColumnName":"Name",
					"DBColumnName":"Name",
					"InUse":true,
					"Simple":true,
					"SimpleType":"string",					
					"Preload":true,
					"Map":false,
					"AutoIndex":false,
					"Fields":[										
					]		
				},
				{
					"DBColumnName":"Info",
					"InUse":true,
					"ColumnName":"Info",
					"Preload":true,
					"Map":false,
					"AutoIndex":false,
					"Fields":[
						{"Type":"int32","Index":1,"Name":"Lvl"},
						{"Type":"int32","Index":2,"Name":"MatchScore","Incby":true},
						{"Type":"int32","Index":3,"Name":"Coin","Incby":true},
						{"Type":"int32","Index":4,"Name":"Diamond","Incby":true},
						{"Type":"int8","Index":5,"Name":"DayMatchRewardNum","Incby":true},
						{"Type":"int32","Index":6,"Name":"LayMatchRewardTime"},
						{"Type":"int32","Index":7,"Name":"CurUseCardTeam"},
						{"Type":"int32","Index":8,"Name":"Exp","Incby":true},
						{"Type":"int8","Index":9,"Name":"ArenaLvl"},
						{"Type":"int32","Index":10,"Name":"LastShopUpDay"},
						{"Type":"int8","Index":11,"Name":"Camp"},
						{"Type":"int16","Index":12,"Name":"ChestCycleCount","Incby":true},
						{"Type":"int8","Index":13,"Name":"IfCaptain"},
						{"Type":"int16","Index":14,"Name":"CurBestLegScore"},
						{"Type":"int16","Index":15,"Name":"LastBestLegScore"},
						{"Type":"int16","Index":16,"Name":"WinCount","Incby":true},
						{"Type":"int32","Index":17,"Name":"OftenCard"},
						{"Type":"int32","Index":18,"Name":"DonateCount","Incby":true},
						{"Type":"int16","Index":19,"Name":"ChellWinCount","Incby":true},
						{"Type":"int32","Index":20,"Name":"ChellOfenCard"},
						{"Type":"int32","Index":21,"Name":"LastDialyTaskUpUinx"},
						{"Type":"int32","Index":22,"Name":"LastLegendSwitchUnix"},
						{"Type":"int32","Index":23,"Name":"CurLegendScore","Incby":true},
						{"Type":"int8","Index":24,"Name":"IfHaveChooseCamp"},
						{"Type":"int16","Index":25,"Name":"ChangeNameCount","Incby":true},
						{"Type":"int32","Index":26,"Name":"CardToken1","Incby":true},
						{"Type":"int32","Index":27,"Name":"CardToken2","Incby":true},
						{"Type":"int32","Index":28,"Name":"CardToken3","Incby":true},
						{"Type":"int32","Index":29,"Name":"CardToken4","Incby":true},
						{"Type":"int32","Index":30,"Name":"LastCardCompoundUpUnix"},
						{"Type":"int32","Index":31,"Name":"CreateUnix"},
						{"Type":"int8","Index":32,"Name":"FirstPayState"}
					]
				},
				{
					"DBColumnName":"TongInfo",
					"InUse":true,
					"ColumnName":"TongInfo",
					"Preload":true,
					"Map":false,
					"AutoIndex":false,
					"Fields":[
						{"Type":"int32","Index":1,"Name":"TongId"},
						{"Type":"int32","Index":2,"Name":"TongIcon"},
						{"Type":"string","Index":3,"Name":"TongName"},
						{"Type":"int32","Index":4,"Name":"TongMemberType"},
						{"Type":"int32","Index":5,"Name":"LastLeaveTongUnix"},
						{"Type":"int32","Index":6,"Name":"LastCardReqUnix"},
						{"Type":"int32","Index":7,"Name":"TodayDonateMax"},
						{"Type":"int32","Index":8,"Name":"TodayDonateNum","Incby":true},
						{"Type":"int32","Index":9,"Name":"LastDonateMaxUpUnixD"}
					]
				},
				{
					"DBColumnName":"TongDonate",
					"InUse":true,
					"ColumnName":"TongDonate",
					"Preload":true,
					"Map":true,
					"AutoIndex":false,
					"Fields":[
						{"Type":"int32","Index":1,"Name":"PlayerId"},
						{"Type":"int32","Index":2,"Name":"DonateNum"},
						{"Type":"int32","Index":3,"Name":"DonateUnix"}
					]
				},
				{
					"DBColumnName":"BeTongDonate",
					"InUse":true,
					"ColumnName":"BeTongDonate",
					"Preload":true,
					"Map":true,
					"AutoIndex":false,
					"Fields":[
						{"Type":"int32","Index":1,"Name":"PlayerId"},
						{"Type":"string","Index":2,"Name":"PlayerName"},
						{"Type":"int32","Index":3,"Name":"DonateNum"},
					]
				},
				{
					"DBColumnName":"Card",
					"InUse":true,
					"ColumnName":"Card",
					"Preload":true,
					"Map":true,
					"AutoIndex":false,
					"Fields":[
						{"Type":"int32","Index":1,"Name":"ConfigId"},
						{"Type":"int32","Index":2,"Name":"CardCount","Incby":true},
						{"Type":"int32","Index":3,"Name":"CardLvl","Incby":true}
					]
				},
				{
					"DBColumnName":"CardTeam",
					"InUse":true,
					"ColumnName":"CardTeam",
					"Preload":true,
					"Map":true,
					"AutoIndex":false,
					"Fields":[
						{"Type":"int32","Index":1,"Name":"TeamId"},
						{"Type":"int32","Index":2,"Name":"CardCfgIds","Repeated":true}
					]
				},
				{
					"DBColumnName":"ShopLattice",
					"InUse":true,
					"ColumnName":"ShopLattice",
					"Preload":true,
					"Map":true,
					"AutoIndex":false,
					"Fields":[
						{"Type":"int32","Index":1,"Name":"Lattice"},
						{"Type":"int32","Index":2,"Name":"TodayBuyNum","Incby":true},
						{"Type":"int32","Index":3,"Name":"CardCfgId"}
					]
				},
				{
					"DBColumnName":"Chest",
					"InUse":true,
					"ColumnName":"Chest",
					"Preload":true,
					"Map":true,
					"AutoIndex":false,
					"Fields":[
						{"Type":"int32","Index":1,"Name":"Pos"},
						{"Type":"int32","Index":2,"Name":"ChestId"},
						{"Type":"int32","Index":3,"Name":"OpenSec"}
					]
				},
				{
					"DBColumnName":"Mail",
					"InUse":true,
					"ColumnName":"Mail",
					"Preload":true,
					"Map":true,
					"AutoIndex":false,
					"Fields":[
						{"Type":"int32","Index":1,"Name":"MailId"},
						{"Type":"string","Index":2,"Name":"MailTitle"},
						{"Type":"string","Index":3,"Name":"SenderName"},
						{"Type":"string","Index":4,"Name":"Content"},
						{"Type":"int32","Index":5,"Name":"SendUnix"},
						{"Type":"int32","Index":6,"Name":"Coin"},
						{"Type":"int32","Index":7,"Name":"Diamond"},
						{"Type":"int32","Index":8,"Name":"Chests","Repeated":true},
						{"Type":"int32","Index":9,"Name":"ChestNums","Repeated":true},
						{"Type":"int32","Index":10,"Name":"OverUnix"},
						{"Type":"int8","Index":11,"Name":"MailType"},
						{"Type":"int8","Index":12,"Name":"ReadState"},
						{"Type":"int32","Index":13,"Name":"SenderId"}
					]
				},
				{
					"DBColumnName":"PayBack",
					"InUse":true,
					"ColumnName":"PayBack",
					"Preload":true,
					"Map":true,
					"AutoIndex":false,
					"Fields":[
						{"Type":"int32","Index":1,"Name":"PayBackId"},
						{"Type":"string","Index":2,"Name":"Value"}
					]
				},
				{
					"DBColumnName":"Options",
					"InUse":true,
					"ColumnName":"Options",
					"Preload":true,
					"Map":false,
					"AutoIndex":false,
					"Fields":[
						{"Type":"int32","Index":1,"Name":"Values","Repeated":true}
					]
				},
				{
					"DBColumnName":"FightRecord",
					"InUse":true,
					"ColumnName":"FightRecord",
					"Preload":true,
					"Map":true,
					"AutoIndex":false,
					"Fields":[
						{"Type":"int32","Index":1,"Name":"RecordId"},
						{"Type":"int32","Index":2,"Name":"MyCards","Repeated":true},
						{"Type":"int32","Index":3,"Name":"MyCardLvls","Repeated":true},
						{"Type":"int32","Index":4,"Name":"OptCards","Repeated":true},
						{"Type":"int32","Index":5,"Name":"OptCardLvls","Repeated":true},
						{"Type":"int32","Index":6,"Name":"WinnerId"},
						{"Type":"int32","Index":7,"Name":"MyTongId"},
						{"Type":"int32","Index":8,"Name":"OptTongId"},
						{"Type":"int32","Index":9,"Name":"OptPlayerId"},
						{"Type":"string","Index":10,"Name":"MyPlayerName"},
						{"Type":"string","Index":11,"Name":"OptPlayerName"},
						{"Type":"string","Index":12,"Name":"MyTongName"},
						{"Type":"string","Index":13,"Name":"OptTongName"},
						{"Type":"int32","Index":14,"Name":"MyTongIcon"},
						{"Type":"int32","Index":15,"Name":"OpTongIcon"},
						{"Type":"int32","Index":16,"Name":"CreateUnix"},
						{"Type":"int32","Index":17,"Name":"MatchType"},
						{"Type":"int32","Index":18,"Name":"MyTowers"},
						{"Type":"int32","Index":19,"Name":"OpTowers"},
						{"Type":"int32","Index":20,"Name":"MyMathScore"},
						{"Type":"int32","Index":21,"Name":"OpMathScore"},
						{"Type":"int32","Index":22,"Name":"MyMathScoreChg"}
					]
				},
				{
					"DBColumnName":"DialyTask",
					"InUse":true,
					"ColumnName":"DialyTask",
					"Preload":true,
					"Map":true,
					"AutoIndex":false,
					"Fields":[
						{"Type":"int32","Index":1,"Name":"TaskId"},
						{"Type":"int32","Index":2,"Name":"Value","Incby":true},
						{"Type":"int32","Index":3,"Name":"RewardUnix"}
					]
				},
				{
					"DBColumnName":"Achieve",
					"InUse":true,
					"ColumnName":"Achieve",
					"Preload":true,
					"Map":true,
					"AutoIndex":false,
					"Fields":[
						{"Type":"int32","Index":1,"Name":"AchieveId"},
						{"Type":"int32","Index":2,"Name":"Value","Incby":true},
						{"Type":"int32","Index":3,"Name":"RewardUnix"}
					]
				},
				{
					"DBColumnName":"SevenActivity",
					"InUse":true,
					"ColumnName":"SevenActivity",
					"Preload":true,
					"Map":true,
					"AutoIndex":false,
					"Fields":[
						{"Type":"int32","Index":1,"Name":"ActivityId"},
						{"Type":"int32","Index":2,"Name":"Value","Incby":true},
						{"Type":"int32","Index":3,"Name":"RewardUnix"}
					]
				},
				{
					"DBColumnName":"TowerAndFreeChest",
					"InUse":true,
					"ColumnName":"TowerAndFreeChest",
					"Preload":true,
					"Map":false,
					"AutoIndex":false,
					"Fields":[
						{"Type":"int32","Index":1,"Name":"LastFreeChestUpUnix"},
						{"Type":"int32","Index":2,"Name":"CurFreeChestNum"},
						{"Type":"int8","Index":3,"Name":"CurTowerChestNum","Incby":true},
						{"Type":"int8","Index":4,"Name":"CurChestTowerNum","Incby":true},
						{"Type":"int32","Index":5,"Name":"LastTowerChestUpUnix"}
					]
				},
				{
					"DBColumnName":"TodayCardCompound",
					"InUse":true,
					"ColumnName":"TodayCardCompound",
					"Preload":true,
					"Map":true,
					"AutoIndex":false,
					"Fields":[
						{"Type":"int32","Index":1,"Name":"CardCfgId"},
						{"Type":"int32","Index":2,"Name":"TodayCompoundNum","Incby":true}
					]
				},
				{
					"DBColumnName":"CampFightInfo",
					"InUse":true,
					"ColumnName":"CampFightInfo",
					"Preload":true,
					"Map":false,
					"AutoIndex":false,
					"Fields":[
						{"Type":"int32","Index":1,"Name":"EnterISOWeek"},
						{"Type":"int32","Index":2,"Name":"EnterArenaLvl"},
						{"Type":"int32","Index":3,"Name":"CurScore","Incby":true},
						{"Type":"int32","Index":4,"Name":"LastRewardISOWeek"}
					]
				},
				{
					"DBColumnName":"SignInfo",
					"InUse":true,
					"ColumnName":"SignInfo",
					"Preload":true,
					"Map":false,
					"AutoIndex":false,
					"Fields":[
						{"Type":"int32","Index":1,"Name":"LastSignDay"},
						{"Type":"int32","Index":2,"Name":"CurSignSum","Incby":true},
						{"Type":"int32","Index":3,"Name":"CurSignSumMonth"},
						{"Type":"int32","Index":4,"Name":"CurSignDays","Repeated":true},
						{"Type":"int32","Index":5,"Name":"RewardSignSum","Repeated":true}
					]
				},
				{
					"DBColumnName":"Guides",
					"InUse":true,
					"ColumnName":"Guides",
					"Preload":true,
					"Map":true,
					"AutoIndex":false,
					"Fields":[
						{"Type":"int32","Index":1,"Name":"GuideId"},
						{"Type":"int32","Index":2,"Name":"SetUnix"}
					]
				},
				{
					"DBColumnName":"Friend",
					"InUse":true,
					"ColumnName":"Friend",
					"Preload":true,
					"Map":true,
					"AutoIndex":false,
					"Fields":[
						{"Type":"int32","Index":1,"Name":"FriendPId"},
						{"Type":"string","Index":2,"Name":"FriendName"},
						{"Type":"int32","Index":3,"Name":"MatchScore"},
						{"Type":"int32","Index":4,"Name":"TongIcon"},
						{"Type":"string","Index":5,"Name":"TongName"}
					]
				},
				{
					"DBColumnName":"FriendReq",
					"InUse":true,
					"ColumnName":"FriendReq",
					"Preload":true,
					"Map":true,
					"AutoIndex":false,
					"Fields":[
						{"Type":"int32","Index":1,"Name":"FriendPId"},
						{"Type":"string","Index":2,"Name":"FriendName"},
						{"Type":"int32","Index":3,"Name":"MatchScore"},
						{"Type":"int32","Index":4,"Name":"TongIcon"},
						{"Type":"string","Index":5,"Name":"TongName"},
						{"Type":"int32","Index":6,"Name":"ReqUnix"}
					]
				},
				{
					"DBColumnName":"FocusPlayer",
					"InUse":true,
					"ColumnName":"FocusPlayer",
					"Preload":true,
					"Map":true,
					"AutoIndex":false,
					"Fields":[
						{"Type":"int32","Index":1,"Name":"FriendPId"},
						{"Type":"string","Index":2,"Name":"FriendName"},
						{"Type":"int32","Index":3,"Name":"MatchScore"},
						{"Type":"int32","Index":4,"Name":"TongIcon"},
						{"Type":"string","Index":5,"Name":"TongName"}
					]
				},
				{
					"DBColumnName":"BeFocusPlayer",
					"InUse":true,
					"ColumnName":"BeFocusPlayer",
					"Preload":true,
					"Map":true,
					"AutoIndex":false,
					"Fields":[
						{"Type":"int32","Index":1,"Name":"FriendPId"},
						{"Type":"string","Index":2,"Name":"FriendName"},
						{"Type":"int32","Index":3,"Name":"MatchScore"},
						{"Type":"int32","Index":4,"Name":"TongIcon"},
						{"Type":"string","Index":5,"Name":"TongName"}
					]
				}
			]
		},
		{
			"TableName":"GooglePayRecord",
			"DBTableName":"GooglePayRecord",
			"SingleRow":false,
			"AutoPrimaryKey":true,
			"PrimaryKeyName":"KeyId",
			"PrimaryKeyType":"int32",
			"PrimaryKeySize":11,
			"Columns":[
				{
					"ColumnName":"Sn",
					"DBColumnName":"Sn",
					"InUse":true,
					"Simple":true,
					"SimpleType":"string",					
					"Preload":true,
					"Map":false,
					"AutoIndex":false,
					"Fields":[						
					]		
				},
				{
					"ColumnName":"Bid",
					"DBColumnName":"Bid",
					"InUse":true,
					"Simple":true,
					"SimpleType":"string",					
					"Preload":false,
					"Map":false,
					"AutoIndex":false,
					"Fields":[						
					]		
				},
				{
					"ColumnName":"PlayerId",
					"DBColumnName":"PlayerId",
					"InUse":true,
					"Simple":true,
					"SimpleType":"int32",					
					"Preload":false,
					"Map":false,
					"AutoIndex":false,
					"Fields":[						
					]		
				},
				{
					"ColumnName":"PayTime",
					"DBColumnName":"PayTime",
					"InUse":true,
					"Simple":true,
					"SimpleType":"int32",					
					"Preload":false,
					"Map":false,
					"AutoIndex":false,
					"Fields":[						
					]		
				}
			]
		},
		{
			"TableName":"ApplePayRecord",
			"DBTableName":"ApplePayRecord",
			"SingleRow":false,
			"AutoPrimaryKey":true,
			"PrimaryKeyName":"KeyId",
			"PrimaryKeyType":"int32",
			"PrimaryKeySize":11,
			"Columns":[
				{
					"ColumnName":"Sn",
					"DBColumnName":"Sn",
					"InUse":true,
					"Simple":true,
					"SimpleType":"string",					
					"Preload":true,
					"Map":false,
					"AutoIndex":false,
					"Fields":[						
					]
				},
				{
					"ColumnName":"Bid",
					"DBColumnName":"Bid",
					"InUse":true,
					"Simple":true,
					"SimpleType":"string",					
					"Preload":false,
					"Map":false,
					"AutoIndex":false,
					"Fields":[						
					]		
				},
				{
					"ColumnName":"PlayerId",
					"DBColumnName":"PlayerId",
					"InUse":true,
					"Simple":true,
					"SimpleType":"int32",					
					"Preload":false,
					"Map":false,
					"AutoIndex":false,
					"Fields":[
					]		
				},
				{
					"ColumnName":"PayTime",
					"DBColumnName":"PayTime",
					"InUse":true,
					"Simple":true,
					"SimpleType":"int32",					
					"Preload":false,
					"Map":false,
					"AutoIndex":false,
					"Fields":[						
					]		
				}
			]
		},
		{
			"TableName":"FaceBPayRecord",
			"DBTableName":"FaceBPayRecord",
			"SingleRow":false,
			"AutoPrimaryKey":true,
			"PrimaryKeyName":"KeyId",
			"PrimaryKeyType":"int32",
			"PrimaryKeySize":11,
			"Columns":[
				{
					"ColumnName":"Sn",
					"DBColumnName":"Sn",
					"InUse":true,
					"Simple":true,
					"SimpleType":"string",					
					"Preload":true,
					"Map":false,
					"AutoIndex":false,
					"Fields":[						
					]
				},
				{
					"ColumnName":"Bid",
					"DBColumnName":"Bid",
					"InUse":true,
					"Simple":true,
					"SimpleType":"string",					
					"Preload":false,
					"Map":false,
					"AutoIndex":false,
					"Fields":[						
					]		
				},
				{
					"ColumnName":"PlayerId",
					"DBColumnName":"PlayerId",
					"InUse":true,
					"Simple":true,
					"SimpleType":"int32",					
					"Preload":false,
					"Map":false,
					"AutoIndex":false,
					"Fields":[
					]		
				},
				{
					"ColumnName":"PayTime",
					"DBColumnName":"PayTime",
					"InUse":true,
					"Simple":true,
					"SimpleType":"int32",					
					"Preload":false,
					"Map":false,
					"AutoIndex":false,
					"Fields":[						
					]		
				}
			]
		},
		{
			"TableName":"Tong",
			"DBTableName":"Tong",
			"SingleRow":false,
			"AutoPrimaryKey":false,
			"PrimaryKeyName":"TongId",
			"PrimaryKeyType":"int32",
			"PrimaryKeySize":11,
			"Columns":[
				{
					"ColumnName":"TongData",
					"DBColumnName":"TongData",
					"InUse":true,					
					"Preload":true,
					"Map":false,
					"AutoIndex":false,
					"Fields":[
						{"Type":"string","Index":1,"Name":"Name"},
						{"Type":"string","Index":2,"Name":"PubContent"},
						{"Type":"int32","Index":3,"Name":"WeekDonate","Incby":true},
						{"Type":"int8","Index":4,"Name":"JoinType"},
						{"Type":"int16","Index":5,"Name":"JoinScore"},
						{"Type":"int16","Index":6,"Name":"Pos"},
						{"Type":"int16","Index":7,"Name":"Icon"},
						{"Type":"int32","Index":8,"Name":"CaptainId"},
						{"Type":"int32","Index":9,"Name":"TongChestScore","Incby":true},
						{"Type":"int32","Index":10,"Name":"IfTongChestClear"},
						{"Type":"int32","Index":11,"Name":"LastWeekDonateUpWeek"}
					]		
				},
				{
					"ColumnName":"TongMember",
					"DBColumnName":"TongMember",
					"InUse":true,					
					"Preload":true,
					"Map":true,
					"AutoIndex":true,
					"Fields":[
						{"Type":"int32","Index":1,"Name":"MemberId"},
						{"Type":"int32","Index":2,"Name":"PlayerId","Find":true},
						{"Type":"string","Index":3,"Name":"PlayerName"},
						{"Type":"int16","Index":4,"Name":"Score","Find":true},
						{"Type":"int16","Index":5,"Name":"Donate","Incby":true},
						{"Type":"int8","Index":6,"Name":"MemberType"}
					]
				},
				{
					"ColumnName":"TongJoin",
					"DBColumnName":"TongJoin",
					"InUse":true,					
					"Preload":true,
					"Map":true,
					"AutoIndex":false,
					"Fields":[
						{"Type":"int32","Index":1,"Name":"PlayerId"},
						{"Type":"string","Index":2,"Name":"PlayerName"},
						{"Type":"int32","Index":3,"Name":"JoinSec"},
						{"Type":"int32","Index":4,"Name":"PlayerScore"}
					]
				},
				{
					"ColumnName":"TongChatRecord",
					"DBColumnName":"TongChatRecord",
					"InUse":true,					
					"Preload":true,
					"Map":true,
					"AutoIndex":false,
					"Fields":[
						{"Type":"int32","Index":1,"Name":"Index"},
						{"Type":"int32","Index":2,"Name":"SenderId"},
						{"Type":"string","Index":3,"Name":"SenderName"},
						{"Type":"string","Index":4,"Name":"MsgContent"},
						{"Type":"int32","Index":5,"Name":"SendTime"}
					]
				},
				{
					"ColumnName":"TongCardReq",
					"DBColumnName":"TongCardReq",
					"InUse":true,					
					"Preload":true,
					"Map":true,
					"AutoIndex":true,
					"Fields":[
						{"Type":"int32","Index":2,"Name":"PlayerId"},
						{"Type":"string","Index":3,"Name":"PlayerName"},
						{"Type":"int32","Index":4,"Name":"CardCfgId"},
						{"Type":"int32","Index":5,"Name":"CurGetNum"},
						{"Type":"int32","Index":6,"Name":"MaxGetNum"},
						{"Type":"int32","Index":7,"Name":"ReqUnix"}
					]
				},
				{
					"ColumnName":"TongChestOpen",
					"DBColumnName":"TongChestOpen",
					"InUse":true,					
					"Preload":true,
					"Map":true,
					"AutoIndex":true,
					"Fields":[
						{"Type":"int32","Index":1,"Name":"PlayerId"},
						{"Type":"int32","Index":2,"Name":"WinScore","Incby":true},
						{"Type":"int32","Index":3,"Name":"ReqUnix"}
					]
				}
			]
		}
	]
}